Workbook

Sheet Ques
A2: S No. | B2: Question | C2: Max Marks | D2: Score
A3: Q1 | B3: Prepare a Pivot as per data | C3: 1
A4: Q2 | B4: By using formulla, calculate the total time taken by given users on the given date. | C4: 1
A5: Q3 | B5: a) By using formula, find the maximum time taken for each activity on given date. b) using conditional formatting, highlight the column C with red color if max time exceed 150. | C5: 2
A6: Q4 | B6: By using vlookup, return the activity name against each user name | C6: 1
B7: Total | C7: =SUM(C3:C6) -> 5 | D7: =SUM(D3:D6) -> 0
A10: Note : | B10: Data is available in Raw Data sheet

Sheet Q1
A2: Question 1 | B2: Prepare a pivot (as per screenshot below)
H5: Process | I5: Name | J5: Date | K5: Sum of Trn_Count | L5: Sum of Statndared Time | M5: Sum of Time Taken
H6: Booking Team | I6: Mohit | J6: 43101 | K6: 32 | L6: 5163 | M6: 487
J7: 43102 | K7: 47 | L7: 4755 | M7: 541
J8: 43103 | K8: 27 | L8: 4230 | M8: 295
I9: Mohit Total | K9: 106 | L9: 14148 | M9: 1323
I10: Rajesh Kumar | J10: 43101 | K10: 40 | L10: 4151 | M10: 367
J11: 43102 | K11: 40 | L11: 4645 | M11: 390
J12: 43103 | K12: 28 | L12: 2983 | M12: 318
I13: Rajesh Kumar Total | K13: 108 | L13: 11779 | M13: 1075
H14: Booking Team Total | K14: 214 | L14: 25927 | M14: 2398
H15: CC Team | I15: Dinesh Kumar | J15: 43101 | K15: 38 | L15: 4632 | M15: 462
J16: 43102 | K16: 31 | L16: 3915 | M16: 377
J17: 43103 | K17: 11 | L17: 1518 | M17: 138
I18: Dinesh Kumar Total | K18: 80 | L18: 10065 | M18: 977
I19: Narendra | J19: 43101 | K19: 24 | L19: 2862 | M19: 238
J20: 43102 | K20: 22 | L20: 3310 | M20: 380
J21: 43103 | K21: 14 | L21: 1384 | M21: 181
I22: Narendra Total | K22: 60 | L22: 7556 | M22: 799
H23: CC Team Total | K23: 140 | L23: 17621 | M23: 1776
H24: Grand Total | K24: 354 | L24: 43548 | M24: 4174

Sheet Q2
A1: Question 2 | B1: By using formula, calculate the total time taken by given users on the given date.
A3: Name | B3: Date | C3: Total Time
A4: Dinesh Kumar | B4: 43101 | C4: {=SUMPRODUCT(('Raw Data'!$E$2:$E$41)*('Raw Data'!$A$2:$A$41='Q2'!$A4)*('Raw Data'!$B$2:$B$41='Q2'!$B4))} -> 462 | D4: =SUMIFS('Raw Data'!$E$2:$E$41,'Raw Data'!$A$2:$A$41,'Q2'!$A4,'Raw Data'!$B$2:$B$41,'Q2'!$B4) -> 462 | E4: {=SUMPRODUCT(('Raw Data'!$E$2:$E$41)*('Raw Data'!$A$2:$A$41='Q2'!$A4)*('Raw Data'!$B$2:$B$41='Q2'!$B4))} -> 462 | F4: =SUMIFS('Raw Data'!$E$2:$E$41,'Raw Data'!$A$2:$A$41,'Q2'!$A4,'Raw Data'!$B$2:$B$41,'Q2'!$B4) -> 462
A5: Mohit | B5: 43101 | C5: {=SUMPRODUCT(('Raw Data'!$E$2:$E$41)*('Raw Data'!$A$2:$A$41='Q2'!$A5)*('Raw Data'!$B$2:$B$41='Q2'!$B5))} -> 487 | D5: =SUMIFS('Raw Data'!$E$2:$E$41,'Raw Data'!$A$2:$A$41,'Q2'!$A5,'Raw Data'!$B$2:$B$41,'Q2'!$B5) -> 487 | E5: {=SUMPRODUCT(('Raw Data'!$E$2:$E$41)*('Raw Data'!$A$2:$A$41='Q2'!$A5)*('Raw Data'!$B$2:$B$41='Q2'!$B5))} -> 487 | F5: =SUMIFS('Raw Data'!$E$2:$E$41,'Raw Data'!$A$2:$A$41,'Q2'!$A5,'Raw Data'!$B$2:$B$41,'Q2'!$B5) -> 487
A6: Narendra | B6: 43102 | C6: {=SUMPRODUCT(('Raw Data'!$E$2:$E$41)*('Raw Data'!$A$2:$A$41='Q2'!$A6)*('Raw Data'!$B$2:$B$41='Q2'!$B6))} -> 380 | D6: =SUMIFS('Raw Data'!$E$2:$E$41,'Raw Data'!$A$2:$A$41,'Q2'!$A6,'Raw Data'!$B$2:$B$41,'Q2'!$B6) -> 380 | E6: {=SUMPRODUCT(('Raw Data'!$E$2:$E$41)*('Raw Data'!$A$2:$A$41='Q2'!$A6)*('Raw Data'!$B$2:$B$41='Q2'!$B6))} -> 380 | F6: =SUMIFS('Raw Data'!$E$2:$E$41,'Raw Data'!$A$2:$A$41,'Q2'!$A6,'Raw Data'!$B$2:$B$41,'Q2'!$B6) -> 380
A7: Rajesh Kumar | B7: 43103 | C7: {=SUMPRODUCT(('Raw Data'!$E$2:$E$41)*('Raw Data'!$A$2:$A$41='Q2'!$A7)*('Raw Data'!$B$2:$B$41='Q2'!$B7))} -> 318 | D7: =SUMIFS('Raw Data'!$E$2:$E$41,'Raw Data'!$A$2:$A$41,'Q2'!$A7,'Raw Data'!$B$2:$B$41,'Q2'!$B7) -> 318 | E7: {=SUMPRODUCT(('Raw Data'!$E$2:$E$41)*('Raw Data'!$A$2:$A$41='Q2'!$A7)*('Raw Data'!$B$2:$B$41='Q2'!$B7))} -> 318 | F7: =SUMIFS('Raw Data'!$E$2:$E$41,'Raw Data'!$A$2:$A$41,'Q2'!$A7,'Raw Data'!$B$2:$B$41,'Q2'!$B7) -> 318

Sheet Q3
A1: Question 3 | B1: a) By using formula, find the maximum time taken for each activity on given date. b) using conditional formatting, highlight the column C with red color if max time exceed 150.
A4: Activity Name | B4: Date | C4: Max Time Taken
A5: Booking | B5: 43101 | C5: =_xlfn.MAXIFS('Raw Data'!$E$2:$E$41,'Raw Data'!$D$2:$D$41,'Q3'!$A5,'Raw Data'!$B$2:$B$41,'Q3'!$B5) -> 194 | D5: {=MAX(('Raw Data'!$B$2:$B$41='Q3'!$B5)*('Raw Data'!$D$2:$D$41='Q3'!$A5)*('Raw Data'!$E$2:$E$41))} -> 194 | E5: {=MAX(IF('Raw Data'!$B$2:$B$41='Q3'!$B5,IF('Raw Data'!$D$2:$D$41='Q3'!$A5,'Raw Data'!$E$2:$E$41)))} -> 194
A6: Cancellation | B6: 43101 | C6: =_xlfn.MAXIFS('Raw Data'!$E$2:$E$41,'Raw Data'!$D$2:$D$41,'Q3'!$A6,'Raw Data'!$B$2:$B$41,'Q3'!$B6) -> 118 | D6: {=MAX(('Raw Data'!$B$2:$B$41='Q3'!$B6)*('Raw Data'!$D$2:$D$41='Q3'!$A6)*('Raw Data'!$E$2:$E$41))} -> 118 | E6: {=MAX(IF('Raw Data'!$B$2:$B$41='Q3'!$B6,IF('Raw Data'!$D$2:$D$41='Q3'!$A6,'Raw Data'!$E$2:$E$41)))} -> 118
A7: Cash Allocation | B7: 43101 | C7: =_xlfn.MAXIFS('Raw Data'!$E$2:$E$41,'Raw Data'!$D$2:$D$41,'Q3'!$A7,'Raw Data'!$B$2:$B$41,'Q3'!$B7) -> 120 | D7: {=MAX(('Raw Data'!$B$2:$B$41='Q3'!$B7)*('Raw Data'!$D$2:$D$41='Q3'!$A7)*('Raw Data'!$E$2:$E$41))} -> 120 | E7: {=MAX(IF('Raw Data'!$B$2:$B$41='Q3'!$B7,IF('Raw Data'!$D$2:$D$41='Q3'!$A7,'Raw Data'!$E$2:$E$41)))} -> 120
A8: Endorsment | B8: 43102 | C8: =_xlfn.MAXIFS('Raw Data'!$E$2:$E$41,'Raw Data'!$D$2:$D$41,'Q3'!$A8,'Raw Data'!$B$2:$B$41,'Q3'!$B8) -> 39 | D8: {=MAX(('Raw Data'!$B$2:$B$41='Q3'!$B8)*('Raw Data'!$D$2:$D$41='Q3'!$A8)*('Raw Data'!$E$2:$E$41))} -> 39 | E8: {=MAX(IF('Raw Data'!$B$2:$B$41='Q3'!$B8,IF('Raw Data'!$D$2:$D$41='Q3'!$A8,'Raw Data'!$E$2:$E$41)))} -> 39
A9: Renewal | B9: 43103 | C9: =_xlfn.MAXIFS('Raw Data'!$E$2:$E$41,'Raw Data'!$D$2:$D$41,'Q3'!$A9,'Raw Data'!$B$2:$B$41,'Q3'!$B9) -> 197 | D9: {=MAX(('Raw Data'!$B$2:$B$41='Q3'!$B9)*('Raw Data'!$D$2:$D$41='Q3'!$A9)*('Raw Data'!$E$2:$E$41))} -> 197 | E9: {=MAX(IF('Raw Data'!$B$2:$B$41='Q3'!$B9,IF('Raw Data'!$D$2:$D$41='Q3'!$A9,'Raw Data'!$E$2:$E$41)))} -> 197
A10: Doc Issue | B10: 43103 | C10: =_xlfn.MAXIFS('Raw Data'!$E$2:$E$41,'Raw Data'!$D$2:$D$41,'Q3'!$A10,'Raw Data'!$B$2:$B$41,'Q3'!$B10) -> 117 | D10: {=MAX(('Raw Data'!$B$2:$B$41='Q3'!$B10)*('Raw Data'!$D$2:$D$41='Q3'!$A10)*('Raw Data'!$E$2:$E$41))} -> 117 | E10: {=MAX(IF('Raw Data'!$B$2:$B$41='Q3'!$B10,IF('Raw Data'!$D$2:$D$41='Q3'!$A10,'Raw Data'!$E$2:$E$41)))} -> 117

Sheet Q4
A1: Question 4 | B1: By using vlookup, return the activity name against each user name
A3: Name | B3: Activity Name
A4: Dinesh Kumar | B4: =VLOOKUP($A4,'Raw Data'!$A$2:$G$41,MATCH('Q4'!B$3,'Raw Data'!$A$1:$G$1,0),0) -> Collection | C4: =INDEX('Raw Data'!$D:$D,MATCH('Q4'!$A4,'Raw Data'!A:A,0)) -> Collection
A5: Mohit | B5: =VLOOKUP($A5,'Raw Data'!$A$2:$G$41,MATCH('Q4'!B$3,'Raw Data'!$A$1:$G$1,0),0) -> Booking | C5: =INDEX('Raw Data'!$D:$D,MATCH('Q4'!$A5,'Raw Data'!A:A,0)) -> Booking
A6: Narendra | B6: =VLOOKUP($A6,'Raw Data'!$A$2:$G$41,MATCH('Q4'!B$3,'Raw Data'!$A$1:$G$1,0),0) -> Cancellation | C6: =INDEX('Raw Data'!$D:$D,MATCH('Q4'!$A6,'Raw Data'!A:A,0)) -> Cancellation
A7: Rajesh Kumar | B7: =VLOOKUP($A7,'Raw Data'!$A$2:$G$41,MATCH('Q4'!B$3,'Raw Data'!$A$1:$G$1,0),0) -> Booking | C7: =INDEX('Raw Data'!$D:$D,MATCH('Q4'!$A7,'Raw Data'!A:A,0)) -> Booking

Sheet Sheet2
A3: Process | B3: Name | C3: Date | D3: Sum of Trn_Count | E3: Sum of Statndared Time | F3: Sum of Time Taken
A4: Booking Team | B4: Mohit | C4: 43101 | D4: 32 | E4: 5163 | F4: 487
C5: 43102 | D5: 47 | E5: 4755 | F5: 541
C6: 43103 | D6: 27 | E6: 4230 | F6: 295
B7: Mohit Total | D7: 106 | E7: 14148 | F7: 1323
B8: Rajesh Kumar | C8: 43101 | D8: 40 | E8: 4151 | F8: 367
C9: 43102 | D9: 40 | E9: 4645 | F9: 390
C10: 43103 | D10: 28 | E10: 2983 | F10: 318
B11: Rajesh Kumar Total | D11: 108 | E11: 11779 | F11: 1075
A12: Booking Team Total | D12: 214 | E12: 25927 | F12: 2398
A13: CC Team | B13: Dinesh Kumar | C13: 43101 | D13: 38 | E13: 4632 | F13: 462
C14: 43102 | D14: 31 | E14: 3915 | F14: 377
C15: 43103 | D15: 11 | E15: 1518 | F15: 138
B16: Dinesh Kumar Total | D16: 80 | E16: 10065 | F16: 977
B17: Narendra | C17: 43101 | D17: 24 | E17: 2862 | F17: 238
C18: 43102 | D18: 22 | E18: 3310 | F18: 380
C19: 43103 | D19: 14 | E19: 1384 | F19: 181
B20: Narendra Total | D20: 60 | E20: 7556 | F20: 799
A21: CC Team Total | D21: 140 | E21: 17621 | F21: 1776
A22: Grand Total | D22: 354 | E22: 43548 | F22: 4174

Sheet Raw Data
A1: Name | B1: Date | C1: Process | D1: Activity Name | E1: Time Taken | F1: Trn_Count | G1: Statndared Time
A2: Dinesh Kumar | B2: 43101 | C2: CC Team | D2: Collection | E2: 172 | F2: 14 | G2: =E2*F2 -> 2408
A3: Dinesh Kumar | B3: 43101 | C3: CC Team | D3: Collection | E3: 38 | F3: 4 | G3: =E3*F3 -> 152
A4: Dinesh Kumar | B4: 43101 | C4: CC Team | D4: Collection | E4: 92 | F4: 8 | G4: =E4*F4 -> 736
A5: Dinesh Kumar | B5: 43101 | C5: CC Team | D5: Collection | E5: 127 | F5: 10 | G5: =E5*F5 -> 1270
A6: Dinesh Kumar | B6: 43101 | C6: CC Team | D6: Collection | E6: 33 | F6: 2 | G6: =E6*F6 -> 66
A7: Mohit | B7: 43101 | C7: Booking Team | D7: Booking | E7: 133 | F7: 11 | G7: =E7*F7 -> 1463
A8: Mohit | B8: 43101 | C8: Booking Team | D8: Booking | E8: 194 | F8: 10 | G8: =E8*F8 -> 1940
A9: Mohit | B9: 43101 | C9: Booking Team | D9: Booking | E9: 160 | F9: 11 | G9: =E9*F9 -> 1760
A10: Narendra | B10: 43101 | C10: CC Team | D10: Cancellation | E10: 118 | F10: 9 | G10: =E10*F10 -> 1062
A11: Narendra | B11: 43101 | C11: CC Team | D11: Cash Allocation | E11: 120 | F11: 15 | G11: =E11*F11 -> 1800
A12: Rajesh Kumar | B12: 43101 | C12: Booking Team | D12: Booking | E12: 57 | F12: 4 | G12: =E12*F12 -> 228
A13: Rajesh Kumar | B13: 43101 | C13: Booking Team | D13: Endorsment | E13: 48 | F13: 6 | G13: =E13*F13 -> 288
... A41: Narendra | B41: 43103 | C41: CC Team | D41: Cancellation | E41: 32 | F41: 6 | G41: =E41*F41 -> 192

Sheet Sheet1
